model,layer,direction,mult,c,gold_lp,gold_lp_sem
NPO,8,undo,-4.0,-2.4887137413024902,-1.0621895667910577,0.022610369698391346
NPO,8,undo,-2.0,-1.2443568706512451,-0.7359436962008477,0.018293922113612755
NPO,8,undo,-1.0,-0.6221784353256226,-0.6428959679603576,0.01740960188595286
NPO,8,undo,-0.5,-0.3110892176628113,-0.6124502698332072,0.017140541456828477
NPO,8,undo,0.5,0.3110892176628113,-0.5837649182230235,0.01661196585915849
NPO,8,undo,1.0,0.6221784353256226,-0.5873626708984375,0.016279168489193842
NPO,8,undo,2.0,1.2443568706512451,-0.6473848435282707,0.016001092351331642
NPO,8,undo,4.0,2.4887137413024902,-1.0874409405887127,0.026969346831027155
NPO,8,epistemic,-4.0,-7.138071254331625,-3.2570977875590326,0.06755103855824089
NPO,8,epistemic,-2.0,-3.5690356271658126,-1.3298043049871922,0.0288776507333462
NPO,8,epistemic,-1.0,-1.7845178135829063,-0.7830878131091594,0.017222127900566278
NPO,8,epistemic,-0.5,-0.8922589067914531,-0.640554378926754,0.016872497714982837
NPO,8,epistemic,0.0,0.0,-0.5925776478648186,0.016897058234253918
NPO,8,epistemic,0.5,0.8922589067914531,-0.64383574873209,0.01678909004571114
NPO,8,epistemic,1.0,1.7845178135829063,-0.881331682652235,0.018829835249163214
NPO,8,epistemic,2.0,3.5690356271658126,-2.225685276091099,0.04133517137110434
NPO,8,epistemic,4.0,7.138071254331625,-7.01774662733078,0.07143144824300678
NPO,8,content,-4.0,-1.591508388519287,-0.7707475751638413,0.01743760355783959
NPO,8,content,-2.0,-0.7957541942596436,-0.6395996445417405,0.017062813317843994
NPO,8,content,-1.0,-0.3978770971298218,-0.607435809224844,0.01701346733229123
NPO,8,content,-0.5,-0.1989385485649109,-0.597924085855484,0.016957236890908552
NPO,8,content,0.5,0.1989385485649109,-0.5913100638240576,0.016820579558102646
NPO,8,content,1.0,0.3978770971298218,-0.5940365721285343,0.016741278653195985
NPO,8,content,2.0,0.7957541942596436,-0.6125067313015461,0.0165980147348963
NPO,8,content,4.0,1.591508388519287,-0.710011880993843,0.016838726437785716
NPO,8,random,-4.0,-2.4887137413024902,-0.8284699134528637,0.016778092697222826
NPO,8,random,-2.0,-1.2443568706512451,-0.642697446346283,0.01613393906944761
NPO,8,random,-1.0,-0.6221784353256226,-0.6044307571649551,0.01651858182851162
NPO,8,random,-0.5,-0.3110892176628113,-0.5955354794859886,0.016707524884367643
NPO,8,random,0.5,0.3110892176628113,-0.5953399786353111,0.01706409278881
NPO,8,random,1.0,0.6221784353256226,-0.6040940718352794,0.0172293682635976
NPO,8,random,2.0,1.2443568706512451,-0.6431098985671997,0.017552942831667712
NPO,8,random,4.0,2.4887137413024902,-0.850739928483963,0.019020172967519202
NPO,12,undo,-4.0,-3.9223060607910156,-0.8258658844232559,0.019124422373312373
NPO,12,undo,-2.0,-1.9611530303955078,-0.6652182549983263,0.01779991412780266
NPO,12,undo,-1.0,-0.9805765151977539,-0.6181633050739765,0.01727662200573249
NPO,12,undo,-0.5,-0.49028825759887695,-0.6026389098912478,0.01705442680368959
NPO,12,undo,0.5,0.49028825759887695,-0.5883311431854963,0.016800018154233126
NPO,12,undo,1.0,0.9805765151977539,-0.590203853994608,0.016808462534986947
NPO,12,undo,2.0,1.9611530303955078,-0.6145777215063571,0.017032049407787922
NPO,12,undo,4.0,3.9223060607910156,-0.7641799807548523,0.018611411494278828
NPO,12,epistemic,-4.0,-15.36025631094379,-2.8159073919057844,0.04151110238171262
NPO,12,epistemic,-2.0,-7.680128155471895,-1.117044529914856,0.02298380643201703
NPO,12,epistemic,-1.0,-3.8400640777359474,-0.7065279640257358,0.016783123707756233
NPO,12,epistemic,-0.5,-1.9200320388679737,-0.6176705411076546,0.016469568104057024
NPO,12,epistemic,0.0,0.0,-0.5925776478648186,0.016897058234253918
NPO,12,epistemic,0.5,1.9200320388679737,-0.6415625482052565,0.01770638275330015
NPO,12,epistemic,1.0,3.8400640777359474,-0.807631813287735,0.019788444179721008
NPO,12,epistemic,2.0,7.680128155471895,-1.7819114503264428,0.0365065688433241
NPO,12,epistemic,4.0,15.36025631094379,-5.48502685546875,0.06310391973173299
NPO,12,content,-4.0,-4.656133651733398,-0.8878069028258324,0.019458491404345184
NPO,12,content,-2.0,-2.328066825866699,-0.6666522415727377,0.017275205609770233
NPO,12,content,-1.0,-1.1640334129333496,-0.6143656482547522,0.016969443582177845
NPO,12,content,-0.5,-0.5820167064666748,-0.5998242066055536,0.016914589684886037
NPO,12,content,0.5,0.5820167064666748,-0.5926453596353531,0.016906639128178687
NPO,12,content,1.0,1.1640334129333496,-0.6002470722049474,0.016949203547110984
NPO,12,content,2.0,2.328066825866699,-0.6402008555829525,0.017241141092082374
NPO,12,content,4.0,4.656133651733398,-0.8323671139776707,0.018940597018710644
NPO,12,random,-4.0,-3.9223060607910156,-0.7032089802622795,0.016910665134083576
NPO,12,random,-2.0,-1.9611530303955078,-0.6179619865119457,0.016652499122359162
NPO,12,random,-1.0,-0.9805765151977539,-0.5987891260534525,0.016780673510681594
NPO,12,random,-0.5,-0.49028825759887695,-0.594081381186843,0.016841209887413746
NPO,12,random,0.5,0.49028825759887695,-0.593967365026474,0.016909579909165612
NPO,12,random,1.0,0.9805765151977539,-0.5986147144436836,0.01690596766087478
NPO,12,random,2.0,1.9611530303955078,-0.618028246164322,0.016860279095726828
NPO,12,random,4.0,3.9223060607910156,-0.70648631490767,0.017237308406525237
GradDiff,8,undo,-4.0,-2.3709824085235596,-1.6257478881074348,0.054478159213638744
GradDiff,8,undo,-2.0,-1.1854912042617798,-0.6671517267276067,0.03323662704286364
GradDiff,8,undo,-1.0,-0.5927456021308899,-0.45390620709687934,0.026663081988072143
GradDiff,8,undo,-0.5,-0.29637280106544495,-0.38990800298168327,0.02425706298047559
GradDiff,8,undo,0.5,0.29637280106544495,-0.3177490483247675,0.019693709331865414
GradDiff,8,undo,1.0,0.5927456021308899,-0.3051584230619483,0.017849298898209513
GradDiff,8,undo,2.0,1.1854912042617798,-0.329475988545455,0.01588894139370392
GradDiff,8,undo,4.0,2.3709824085235596,-0.5898228353681043,0.02011770929715555
GradDiff,8,epistemic,-4.0,-7.138071254331625,-4.124669548869133,0.08586313326937661
GradDiff,8,epistemic,-2.0,-3.5690356271658126,-1.4281456264667214,0.04598546254713168
GradDiff,8,epistemic,-1.0,-1.7845178135829063,-0.6024361409433187,0.025264110596002216
GradDiff,8,epistemic,-0.5,-0.8922589067914531,-0.4005021928087808,0.0214143678874876
GradDiff,8,epistemic,0.0,0.0,-0.34581460045883433,0.021897870542795156
GradDiff,8,epistemic,0.5,0.8922589067914531,-0.40770505674765445,0.02227253929015906
GradDiff,8,epistemic,1.0,1.7845178135829063,-0.8183184377697762,0.03075030203798981
GradDiff,8,epistemic,2.0,3.5690356271658126,-2.7607313710451127,0.0565146937001015
GradDiff,8,epistemic,4.0,7.138071254331625,-8.943425467014313,0.08709113720503317
GradDiff,8,content,-4.0,-1.591508388519287,-0.5803493096656166,0.027114867430620426
GradDiff,8,content,-2.0,-0.7957541942596436,-0.39555565622635186,0.023177733975595513
GradDiff,8,content,-1.0,-0.3978770971298218,-0.3601259870734066,0.022452707378829585
GradDiff,8,content,-0.5,-0.1989385485649109,-0.350838701169705,0.022171676791697015
GradDiff,8,content,0.5,0.1989385485649109,-0.3447736613027519,0.02163422789671074
GradDiff,8,content,1.0,0.3978770971298218,-0.3481081426714081,0.02142077842902189
GradDiff,8,content,2.0,0.7957541942596436,-0.37062168279662727,0.02132090662260022
GradDiff,8,content,4.0,1.591508388519287,-0.5186595430783928,0.02385900973365115
GradDiff,8,random,-4.0,-2.3709824085235596,-0.6351783952047118,0.02484391732816947
GradDiff,8,random,-2.0,-1.1854912042617798,-0.38892813213402405,0.020467436379828206
GradDiff,8,random,-1.0,-0.5927456021308899,-0.35078614332014696,0.02085675128315673
GradDiff,8,random,-0.5,-0.29637280106544495,-0.3451028825365938,0.021343774384683094
GradDiff,8,random,0.5,0.29637280106544495,-0.35205455094459465,0.022509535010487927
GradDiff,8,random,1.0,0.5927456021308899,-0.36447130046784876,0.023131857834680455
GradDiff,8,random,2.0,1.1854912042617798,-0.41775257034343666,0.02423579192430665
GradDiff,8,random,4.0,2.3709824085235596,-0.7654966089408844,0.03002466337962397
GradDiff,12,undo,-4.0,-5.051523685455322,-3.0187785345315934,0.064489325220226
GradDiff,12,undo,-2.0,-2.525761842727661,-0.833536895387224,0.036951538765562966
GradDiff,12,undo,-1.0,-1.2628809213638306,-0.5020214306957496,0.028859984361101036
GradDiff,12,undo,-0.5,-0.6314404606819153,-0.4080021419766126,0.02531903505071374
GradDiff,12,undo,0.5,0.6314404606819153,-0.3108765096217394,0.019061450706560158
GradDiff,12,undo,1.0,1.2628809213638306,-0.2981472064508125,0.017063666691401334
GradDiff,12,undo,2.0,2.525761842727661,-0.32519518638961015,0.015156143224343088
GradDiff,12,undo,4.0,5.051523685455322,-0.6651878765970468,0.019991989932034132
GradDiff,12,epistemic,-4.0,-15.36025631094379,-3.341502021551132,0.04611665901759925
GradDiff,12,epistemic,-2.0,-7.680128155471895,-0.9788100966066122,0.026442653057602232
GradDiff,12,epistemic,-1.0,-3.8400640777359474,-0.42809422079473736,0.017974393374232678
GradDiff,12,epistemic,-0.5,-1.9200320388679737,-0.3367449932498857,0.018702317390931
GradDiff,12,epistemic,0.0,0.0,-0.34581460045883433,0.021897870542795156
GradDiff,12,epistemic,0.5,1.9200320388679737,-0.449086474229116,0.02527340707221635
GradDiff,12,epistemic,1.0,3.8400640777359474,-0.7050511334463954,0.028888899159393622
GradDiff,12,epistemic,2.0,7.680128155471895,-2.0569488763809205,0.04472300252366697
GradDiff,12,epistemic,4.0,15.36025631094379,-6.629804610013962,0.06531608819597574
GradDiff,12,content,-4.0,-4.656133651733398,-0.6495392803754657,0.022273176834660135
GradDiff,12,content,-2.0,-2.328066825866699,-0.380654284118209,0.020044986732758223
GradDiff,12,content,-1.0,-1.1640334129333496,-0.343284672042937,0.020816055339826483
GradDiff,12,content,-0.5,-0.5820167064666748,-0.34052088464435654,0.02135044094093704
GradDiff,12,content,0.5,0.5820167064666748,-0.35806201383704317,0.022424064411530952
GradDiff,12,content,1.0,1.1640334129333496,-0.3773352400562726,0.02290205629547479
GradDiff,12,content,2.0,2.328066825866699,-0.44044255183660425,0.02351581600086661
GradDiff,12,content,4.0,4.656133651733398,-0.7010912791267038,0.02525224739789113
GradDiff,12,random,-4.0,-5.051523685455322,-0.5738504971330985,0.021950653803302928
GradDiff,12,random,-2.0,-2.525761842727661,-0.3846908987034112,0.021165388330355597
GradDiff,12,random,-1.0,-1.2628809213638306,-0.35294872378464787,0.021579604380651596
GradDiff,12,random,-0.5,-0.6314404606819153,-0.3467498094472103,0.02176393407831498
GradDiff,12,random,0.5,0.6314404606819153,-0.34992245565052144,0.021967000798756187
GradDiff,12,random,1.0,1.2628809213638306,-0.35982934542465955,0.022015475415602368
GradDiff,12,random,2.0,2.525761842727661,-0.40102383453398943,0.02209100669702656
GradDiff,12,random,4.0,5.051523685455322,-0.6174295192630962,0.023745813683052466
base,8,epistemic,-4.0,-7.138071254331625,-3.0924608862400054,0.06920552270549914
base,8,epistemic,-2.0,-3.5690356271658126,-0.9337543012481183,0.030427659763886155
base,8,epistemic,-1.0,-1.7845178135829063,-0.3257806083979085,0.012256625096213674
base,8,epistemic,-0.5,-0.8922589067914531,-0.18811055790632963,0.008271472411655054
base,8,epistemic,0.0,0.0,-0.15183148346375674,0.007457408904589781
base,8,epistemic,0.5,0.8922589067914531,-0.19858520184177905,0.00860042880592424
base,8,epistemic,1.0,1.7845178135829063,-0.45927504234947264,0.016365149258024566
base,8,epistemic,2.0,3.5690356271658126,-2.0574807597696783,0.04543661797136648
base,8,epistemic,4.0,7.138071254331625,-7.213980382680893,0.0737285841449773
base,8,content,-4.0,-1.591508388519287,-0.27980800535064193,0.011068266997500633
base,8,content,-2.0,-0.7957541942596436,-0.17429490419570356,0.008006576935778444
base,8,content,-1.0,-0.3978770971298218,-0.15635462514590473,0.0075581618603383915
base,8,content,-0.5,-0.1989385485649109,-0.15266375221079215,0.0074680666051533525
base,8,content,0.5,0.1989385485649109,-0.15386620227945969,0.0075309256118168974
base,8,content,1.0,0.3978770971298218,-0.15880935664987192,0.007700556870863747
base,8,content,2.0,0.7957541942596436,-0.17893232791451738,0.008343239976868323
base,8,content,4.0,1.591508388519287,-0.2799704322416801,0.01144767550041192
base,8,random,-4.0,-7.138071254331625,-3.179848294109106,0.062090260521000785
base,8,random,-2.0,-3.5690356271658126,-0.757953398451209,0.023556813902205882
base,8,random,-1.0,-1.7845178135829063,-0.2601583766844124,0.010033847248961794
base,8,random,-0.5,-0.8922589067914531,-0.17323485577711836,0.007827414563218026
base,8,random,0.5,0.8922589067914531,-0.17202840793412177,0.008154954019197557
base,8,random,1.0,1.7845178135829063,-0.2568455005856231,0.010463787834350292
base,8,random,2.0,3.5690356271658126,-0.8556373207457364,0.02553858154748557
base,8,random,4.0,7.138071254331625,-3.790349403619766,0.06813640369928695
base,12,epistemic,-4.0,-15.36025631094379,-2.6046509671211244,0.04022398552151724
base,12,epistemic,-2.0,-7.680128155471895,-0.7266869490966201,0.01999022011052627
base,12,epistemic,-1.0,-3.8400640777359474,-0.28021985371597113,0.010334023197649303
base,12,epistemic,-0.5,-1.9200320388679737,-0.18675608134828509,0.008250902101214692
base,12,epistemic,0.0,0.0,-0.15183148346375674,0.007457408904589781
base,12,epistemic,0.5,1.9200320388679737,-0.17387897254666312,0.008086737920893587
base,12,epistemic,1.0,3.8400640777359474,-0.3089222451020032,0.011395573792799136
base,12,epistemic,2.0,7.680128155471895,-1.3633657062053681,0.033472291257491724
base,12,epistemic,4.0,15.36025631094379,-5.517215216159821,0.06458923287161651
base,12,content,-4.0,-4.656133651733398,-0.39942513935035096,0.01292496959151708
base,12,content,-2.0,-2.328066825866699,-0.2034260316856671,0.008604981503632095
base,12,content,-1.0,-1.1640334129333496,-0.16542687525041402,0.0077452673353223455
base,12,content,-0.5,-0.5820167064666748,-0.1559684049617499,0.007535084346026359
base,12,content,0.5,0.5820167064666748,-0.15293093872256577,0.0075000456530787026
base,12,content,1.0,1.1640334129333496,-0.1595577651588246,0.007679109663920116
base,12,content,2.0,2.328066825866699,-0.19372085853945464,0.008526129012970635
base,12,content,4.0,4.656133651733398,-0.3868540855869651,0.01276203784439756
base,12,random,-4.0,-15.36025631094379,-2.6599582585692407,0.04868239925272687
base,12,random,-2.0,-7.680128155471895,-0.6565443989261985,0.020017160205492282
base,12,random,-1.0,-3.8400640777359474,-0.24977414576802404,0.009518585938852825
base,12,random,-0.5,-1.9200320388679737,-0.17366104904096574,0.007980167030193122
base,12,random,0.5,1.9200320388679737,-0.17193714739289134,0.0079732956068972
base,12,random,1.0,3.8400640777359474,-0.25075005802791567,0.009846941306677012
base,12,random,2.0,7.680128155471895,-0.7222066471725702,0.020954918921531274
base,12,random,4.0,15.36025631094379,-3.127280223369598,0.04967250256379872
