method,repo,lr,epochs,published,shift_norm,raw_norm,rank1,prefers_truth,truth_ratio_median,n
IdkDPO,open-unlearning/unlearn_tofu_Llama-3.2-1B-Instruct_forget10_IdkDPO_lr5e-05_beta0.05_alpha5_epoch10,5e-05,10,True,3.2482430934906006,5.564818382263184,0.28,0.52,0.9624121093955649,200
IdkDPO,open-unlearning/unlearn_tofu_Llama-3.2-1B-Instruct_forget10_IdkDPO_lr1e-05_beta0.05_alpha1_epoch10,1e-05,10,False,3.677915334701538,8.673964500427246,0.59,0.815,0.7262150643691642,200
IdkDPO,open-unlearning/unlearn_tofu_Llama-3.2-1B-Instruct_forget10_IdkDPO_lr1e-05_beta0.05_alpha1_epoch5,1e-05,5,False,2.4302847385406494,8.599385261535645,0.61,0.83,0.7038581166249525,200
IdkDPO,open-unlearning/unlearn_tofu_Llama-3.2-1B-Instruct_forget10_IdkDPO_lr2e-05_beta0.05_alpha1_epoch10,2e-05,10,False,7.088268756866455,9.197121620178223,0.39,0.63,0.8268641820504564,200
IdkNLL,open-unlearning/unlearn_tofu_Llama-3.2-1B-Instruct_forget10_IdkNLL_lr4e-05_alpha5_epoch10,4e-05,10,True,1.2100296020507812,4.011053562164307,0.695,0.875,0.5348196965371315,200
IdkNLL,open-unlearning/unlearn_tofu_Llama-3.2-1B-Instruct_forget10_IdkNLL_lr1e-05_alpha10_epoch10,1e-05,10,False,0.46585914492607117,2.053572416305542,0.73,0.875,0.5018837934356349,200
IdkNLL,open-unlearning/unlearn_tofu_Llama-3.2-1B-Instruct_forget10_IdkNLL_lr1e-05_alpha10_epoch5,1e-05,5,False,0.45391038060188293,2.081705093383789,0.725,0.88,0.49859117331348796,200
IdkNLL,open-unlearning/unlearn_tofu_Llama-3.2-1B-Instruct_forget10_IdkNLL_lr2e-05_alpha10_epoch10,2e-05,10,False,0.7161421775817871,2.4025003910064697,0.73,0.875,0.49625034538042234,200
RMU,open-unlearning/unlearn_tofu_Llama-3.2-1B-Instruct_forget10_RMU_lr5e-05_layer10_scoeff10_epoch10,5e-05,10,True,11.03173542022705,12.193483352661133,0.195,0.42,1.048083224792375,200
RMU,open-unlearning/unlearn_tofu_Llama-3.2-1B-Instruct_forget10_RMU_lr1e-05_layer10_scoeff100_epoch10,1e-05,10,False,0.22583582997322083,1.648581862449646,0.735,0.895,0.49929077560988644,200
RMU,open-unlearning/unlearn_tofu_Llama-3.2-1B-Instruct_forget10_RMU_lr1e-05_layer10_scoeff100_epoch5,1e-05,5,False,0.18121278285980225,1.326907753944397,0.73,0.885,0.4971249924853048,200
RMU,open-unlearning/unlearn_tofu_Llama-3.2-1B-Instruct_forget10_RMU_lr2e-05_layer10_scoeff100_epoch10,2e-05,10,False,0.9756473898887634,9.38811206817627,0.52,0.77,0.6961477461154584,200
AltPO,open-unlearning/unlearn_tofu_Llama-3.2-1B-Instruct_forget10_AltPO_lr5e-05_beta0.1_alpha1_epoch10,5e-05,10,True,2.020646810531616,2.808560371398926,0.31,0.495,1.0107658533471546,200
AltPO,open-unlearning/unlearn_tofu_Llama-3.2-1B-Instruct_forget10_AltPO_lr1e-05_beta0.05_alpha1_epoch10,1e-05,10,False,0.7621446847915649,5.467428684234619,0.535,0.765,0.7690864380654568,200
AltPO,open-unlearning/unlearn_tofu_Llama-3.2-1B-Instruct_forget10_AltPO_lr1e-05_beta0.05_alpha1_epoch5,1e-05,5,False,0.6993878483772278,5.341448783874512,0.575,0.805,0.7384665560607995,200
AltPO,open-unlearning/unlearn_tofu_Llama-3.2-1B-Instruct_forget10_AltPO_lr2e-05_beta0.05_alpha1_epoch10,2e-05,10,False,1.1790260076522827,4.734188079833984,0.37,0.565,0.8788650054112439,200
NPO,open-unlearning/unlearn_tofu_Llama-3.2-1B-Instruct_forget10_NPO_lr1e-05_beta0.5_alpha1_epoch10,1e-05,10,True,0.3782586455345154,0.958998441696167,0.655,0.845,0.5695803337321412,200
NPO,open-unlearning/unlearn_tofu_Llama-3.2-1B-Instruct_forget10_NPO_lr1e-05_beta0.05_alpha1_epoch10,1e-05,10,False,0.9832994341850281,7.228536128997803,0.605,0.785,0.743986255106132,200
NPO,open-unlearning/unlearn_tofu_Llama-3.2-1B-Instruct_forget10_NPO_lr1e-05_beta0.05_alpha1_epoch5,1e-05,5,False,1.0773066282272339,7.497135639190674,0.625,0.79,0.7613648019552104,200
NPO,open-unlearning/unlearn_tofu_Llama-3.2-1B-Instruct_forget10_NPO_lr2e-05_beta0.05_alpha1_epoch10,2e-05,10,False,1.9818648099899292,7.733781814575195,0.475,0.715,0.7553550933082387,200
SimNPO,open-unlearning/unlearn_tofu_Llama-3.2-1B-Instruct_forget10_SimNPO_lr2e-05_b4.5_a1_d1_g0.125_ep10,2e-05,10,True,1.7364555597305298,2.713745594024658,0.54,0.785,0.6285674020151585,200
SimNPO,open-unlearning/unlearn_tofu_Llama-3.2-1B-Instruct_forget10_SimNPO_lr1e-05_b3.5_a1_d0_g0.125_ep10,1e-05,10,False,0.13618965446949005,0.9037508964538574,0.715,0.875,0.48545687938602244,200
SimNPO,open-unlearning/unlearn_tofu_Llama-3.2-1B-Instruct_forget10_SimNPO_lr1e-05_b3.5_a1_d0_g0.125_ep5,1e-05,5,False,0.13437876105308533,0.9005695581436157,0.71,0.87,0.4807794997413646,200
SimNPO,open-unlearning/unlearn_tofu_Llama-3.2-1B-Instruct_forget10_SimNPO_lr2e-05_b3.5_a1_d0_g0.125_ep10,2e-05,10,False,0.28483495116233826,1.1861540079116821,0.675,0.86,0.5012416395956307,200
GradDiff,open-unlearning/unlearn_tofu_Llama-3.2-1B-Instruct_forget10_GradDiff_lr1e-05_alpha5_epoch5,1e-05,5,True,0.22116343677043915,1.2620799541473389,0.665,0.865,0.4906799261685941,200
GradDiff,open-unlearning/unlearn_tofu_Llama-3.2-1B-Instruct_forget10_GradDiff_lr1e-05_alpha10_epoch10,1e-05,10,False,0.1526106595993042,0.975216805934906,0.7,0.865,0.48489957587184296,200
GradDiff,open-unlearning/unlearn_tofu_Llama-3.2-1B-Instruct_forget10_GradDiff_lr1e-05_alpha10_epoch5,1e-05,5,False,0.14297252893447876,0.9476668834686279,0.7,0.87,0.4824668324031844,200
GradDiff,open-unlearning/unlearn_tofu_Llama-3.2-1B-Instruct_forget10_GradDiff_lr2e-05_alpha10_epoch10,2e-05,10,False,1.4825725555419922,2.671942949295044,0.53,0.75,0.5805592954014754,200
